City_ID,City,Country,Date,Lat,Lng,Max Temp,Humidity,Cloudiness,Wind Speed,Weather Description
0,Laguna,US,2022-06-21 04:36:30,38.421,-121.4238,82.45400000000006,33,0,1.54,clear sky
1,Busselton,AU,2022-06-21 04:36:31,-33.65,115.3333,64.76000000000008,72,100,6.52,overcast clouds
2,Butaritari,KI,2022-06-21 04:36:31,3.0707,172.7902,82.79600000000005,70,25,5.8,scattered clouds
3,Ushuaia,AR,2022-06-21 04:31:49,-54.8,-68.3,35.258,80,75,12.86,broken clouds
4,Ordubad,AZ,2022-06-21 04:36:32,38.9059,46.0234,77.91800000000009,54,0,3.58,clear sky
5,Esperance,AU,2022-06-21 04:36:33,-33.8667,121.9,65.46200000000006,60,51,4.46,broken clouds
6,Punta Arenas,CL,2022-06-21 04:36:33,-53.15,-70.9167,33.81800000000008,80,20,3.09,few clouds
7,Marsh Harbour,BS,2022-06-21 04:36:34,26.5412,-77.0636,79.64600000000004,71,16,5.26,few clouds
8,Port Alfred,ZA,2022-06-21 04:36:35,-33.5906,26.891,58.17200000000004,87,11,6.09,few clouds
9,Isangel,VU,2022-06-21 04:36:35,-19.55,169.2667,73.07600000000009,61,10,4.63,clear sky
10,Oranjemund,NA,2022-06-21 04:36:36,-28.55,16.4333,52.736000000000075,78,55,0.43,broken clouds
11,Tomatlan,MX,2022-06-21 04:36:36,19.9333,-105.25,78.80000000000001,87,88,0.45,overcast clouds
12,Alice Town,BS,2022-06-21 04:36:37,25.7167,-79.3,82.07600000000009,72,70,6.18,moderate rain
13,Hithadhoo,MV,2022-06-21 04:36:38,-0.6,73.0833,83.3180000000001,72,49,5.79,scattered clouds
14,Castro,BR,2022-06-21 04:36:38,-24.7911,-50.0119,55.99400000000007,94,89,1.32,overcast clouds
15,Tambura,SS,2022-06-21 04:36:39,5.6,27.4667,66.83000000000004,94,95,0.72,overcast clouds
16,Montrose,US,2022-06-21 04:36:39,38.4166,-108.2673,53.16800000000009,23,0,0.51,clear sky
17,Carauari,BR,2022-06-21 04:36:40,-4.8828,-66.8958,71.2760000000001,98,91,0.47,overcast clouds
18,Miramar,US,2022-06-21 04:36:16,25.9873,-80.2323,82.41800000000009,85,20,4.63,light rain
19,High Level,CA,2022-06-21 04:36:41,58.5169,-117.136,66.308,55,75,0.0,broken clouds
20,Albany,US,2022-06-21 04:36:14,42.6001,-73.9662,58.64000000000002,77,96,1.94,overcast clouds
21,Barrow,US,2022-06-21 04:36:41,71.2906,-156.7887,53.61800000000009,50,0,4.63,clear sky
22,Vaini,TO,2022-06-21 04:36:42,-21.2,-175.2,77.16200000000006,88,20,6.17,few clouds
23,Airai,TL,2022-06-21 04:36:43,-8.9266,125.4092,70.44800000000004,60,98,2.18,overcast clouds
24,Puerto Ayora,EC,2022-06-21 04:36:43,-0.7393,-90.3518,69.54800000000003,98,69,1.79,broken clouds
25,Half Moon Bay,US,2022-06-21 04:36:44,37.4636,-122.4286,73.31000000000009,76,0,2.57,mist
26,Sambava,MG,2022-06-21 04:36:44,-14.2667,50.1667,70.358,71,2,5.38,clear sky
27,Rikitea,PF,2022-06-21 04:36:45,-23.1203,-134.9692,71.88800000000005,61,47,6.52,scattered clouds
28,Nikolskoye,RU,2022-06-21 04:36:45,59.7035,30.7861,56.87600000000009,94,96,1.65,overcast clouds
29,Canalete,CO,2022-06-21 04:36:46,8.6761,-76.2042,74.26400000000004,88,98,1.13,overcast clouds
30,Bengkulu,ID,2022-06-21 04:36:46,-3.8004,102.2655,83.89400000000008,69,51,2.34,broken clouds
31,Salme,NP,2022-06-21 04:36:47,28.0369,85.0942,73.68800000000005,65,19,2.54,few clouds
32,Bilma,NE,2022-06-21 04:36:47,18.6853,12.9164,86.234,18,4,3.98,clear sky
33,Upernavik,GL,2022-06-21 04:36:48,72.7868,-56.1549,33.242,90,93,3.9,overcast clouds
34,Pevek,RU,2022-06-21 04:36:48,69.7008,170.3133,32.846000000000046,98,99,3.31,overcast clouds
35,Bathsheba,BB,2022-06-21 04:36:49,13.2167,-59.5167,79.41200000000006,89,40,6.69,scattered clouds
36,Nara,JP,2022-06-21 04:32:14,34.6851,135.8049,76.37000000000006,81,100,1.21,heavy intensity rain
37,Kahului,US,2022-06-21 04:33:11,20.8947,-156.47,80.61800000000008,72,40,8.23,scattered clouds
38,Hobart,AU,2022-06-21 04:36:50,-42.8794,147.3294,58.26200000000006,69,75,4.63,broken clouds
39,Jaisalmer,IN,2022-06-21 04:36:51,26.9147,70.9181,89.708,50,63,9.79,broken clouds
40,Dikson,RU,2022-06-21 04:33:07,73.5069,80.5464,35.15,97,94,3.41,overcast clouds
41,Reinosa,ES,2022-06-21 04:36:52,42.9996,-4.138,48.45200000000008,83,40,2.19,scattered clouds
42,College,US,2022-06-21 04:36:52,64.8569,-147.8028,66.2,63,75,2.06,broken clouds
43,Samoded,RU,2022-06-21 04:36:53,63.6083,40.5111,51.026000000000096,72,94,2.88,overcast clouds
44,Brae,GB,2022-06-21 04:36:53,60.3964,-1.353,51.026000000000096,96,100,5.02,overcast clouds
45,Port Elizabeth,ZA,2022-06-21 04:36:54,-33.918,25.5701,57.48800000000004,91,0,3.6,clear sky
46,Xichang,CN,2022-06-21 04:36:55,27.8964,102.2634,80.834,69,94,1.49,overcast clouds
47,Hilo,US,2022-06-21 04:35:12,19.7297,-155.09,80.33000000000004,81,40,2.57,scattered clouds
48,Nome,US,2022-06-21 04:37:56,64.5011,-165.4064,53.16800000000009,76,0,4.12,clear sky
49,Ribeira Grande,PT,2022-06-21 04:37:56,38.5167,-28.7,64.85,87,95,9.56,overcast clouds
50,Pangnirtung,CA,2022-06-21 04:37:57,66.1451,-65.7125,37.25600000000003,81,4,1.63,clear sky
51,Fairbanks,US,2022-06-21 04:33:21,64.8378,-147.7164,66.21800000000009,64,40,2.06,scattered clouds
52,Deqing,CN,2022-06-21 04:37:58,30.5448,119.9599,89.69000000000003,59,70,2.56,broken clouds
53,Zmeinogorsk,RU,2022-06-21 04:37:58,51.1567,82.195,76.44200000000001,53,94,3.45,overcast clouds
54,Kapaa,US,2022-06-21 04:37:59,22.0752,-159.319,82.38200000000002,85,75,6.17,broken clouds
55,Egvekinot,RU,2022-06-21 04:38:00,66.3167,-179.1667,37.22000000000006,95,100,2.81,overcast clouds
56,Kodiak,US,2022-06-21 04:38:00,57.79,-152.4072,54.91400000000003,71,0,2.57,clear sky
57,Buraydah,SA,2022-06-21 04:33:56,26.326,43.975,90.05000000000001,11,0,2.45,clear sky
58,Bambous Virieux,MU,2022-06-21 04:38:01,-20.3428,57.7575,70.21400000000003,56,20,3.6,few clouds
59,Bredasdorp,ZA,2022-06-21 04:38:02,-34.5322,20.0403,52.214000000000034,96,62,0.74,broken clouds
60,Aklavik,CA,2022-06-21 04:38:03,68.2191,-135.0107,53.366000000000014,66,92,3.47,overcast clouds
61,Tiksi,RU,2022-06-21 04:38:04,71.6872,128.8694,45.104000000000056,51,25,3.45,scattered clouds
62,Eureka,US,2022-06-21 04:38:04,40.8021,-124.1637,57.92000000000006,80,4,4.39,clear sky
63,Abu Samrah,SY,2022-06-21 04:38:05,35.3029,37.1841,72.66200000000006,56,0,8.81,clear sky
64,Touros,BR,2022-06-21 04:38:05,-5.1989,-35.4608,74.01200000000006,89,30,4.6,scattered clouds
65,Khatanga,RU,2022-06-21 04:38:06,71.9667,102.5,56.66000000000008,61,100,2.51,overcast clouds
66,Cefalu,IT,2022-06-21 04:38:07,38.0386,14.0229,75.542,63,0,0.89,clear sky
67,Hasaki,JP,2022-06-21 04:38:07,35.7333,140.8333,82.79600000000005,87,100,5.54,overcast clouds
68,Ilulissat,GL,2022-06-21 04:38:08,69.2167,-51.1,33.81800000000008,93,100,3.6,overcast clouds
69,Mar Del Plata,AR,2022-06-21 04:38:09,-38.0023,-57.5575,47.94800000000002,79,0,1.79,clear sky
70,Seymchan,RU,2022-06-21 04:38:09,62.8833,152.4333,44.76200000000006,88,100,5.58,moderate rain
71,Arraial Do Cabo,BR,2022-06-21 04:34:31,-22.9661,-42.0278,67.96400000000003,88,40,4.12,scattered clouds
72,Uglegorsk,RU,2022-06-21 04:38:11,49.0833,142.0333,54.96800000000009,82,89,1.89,overcast clouds
73,Saint-Philippe,RE,2022-06-21 04:38:12,-21.3585,55.7679,66.11000000000008,72,48,3.74,scattered clouds
74,Mataura,NZ,2022-06-21 04:38:13,-46.1927,168.8643,41.48600000000007,92,0,0.77,clear sky
75,Anadyr,RU,2022-06-21 04:38:13,64.75,177.4833,61.30400000000006,59,20,6.0,light rain
76,Alta Floresta,BR,2022-06-21 04:38:14,-9.8756,-56.0861,65.984,57,3,1.31,clear sky
77,Westport,US,2022-06-21 04:38:15,41.1415,-73.3579,66.88399999999999,82,0,2.06,clear sky
78,Torbay,CA,2022-06-21 04:35:33,47.6666,-52.7314,59.288000000000046,94,100,7.72,light rain
79,Kitami,JP,2022-06-21 04:38:16,43.8031,143.8908,56.66000000000008,71,67,3.94,broken clouds
80,Luderitz,NA,2022-06-21 04:38:16,-26.6481,15.1594,56.714000000000034,62,96,5.64,overcast clouds
81,La Ronge,CA,2022-06-21 04:38:17,55.1001,-105.2842,61.05200000000008,82,75,3.09,broken clouds
82,Mahebourg,MU,2022-06-21 04:38:18,-20.4081,57.7,70.25,56,20,3.6,few clouds
83,New Norfolk,AU,2022-06-21 04:38:18,-42.7826,147.0587,57.92000000000006,74,100,0.45,overcast clouds
84,Atar,MR,2022-06-21 04:38:19,20.5169,-13.0499,77.36000000000008,73,68,1.64,broken clouds
85,Saint-Pierre,RE,2022-06-21 04:38:19,-21.3393,55.4781,70.91600000000001,63,0,3.6,clear sky
86,Bluff,NZ,2022-06-21 04:38:20,-46.6,168.3333,41.81000000000008,83,0,2.08,clear sky
87,Georgetown,MY,2022-06-21 04:37:55,5.4112,100.3354,85.892,78,40,2.57,scattered clouds
88,Kerman,IR,2022-06-21 04:38:20,30.2832,57.0788,80.45600000000003,18,0,3.09,clear sky
89,Kulhudhuffushi,MV,2022-06-21 04:38:21,6.6221,73.07,82.86800000000008,74,99,6.51,overcast clouds
90,Hermanus,ZA,2022-06-21 04:38:22,-34.4187,19.2345,48.794000000000075,83,73,3.34,broken clouds
91,Vendome,FR,2022-06-21 04:38:22,47.8,1.0667,59.288000000000046,99,100,4.23,overcast clouds
92,Inhambane,MZ,2022-06-21 04:39:23,-23.865,35.3833,62.58200000000002,88,40,1.54,scattered clouds
93,Cidreira,BR,2022-06-21 04:34:32,-30.1811,-50.2056,59.486000000000075,82,84,5.12,broken clouds
94,Tautira,PF,2022-06-21 04:39:24,-17.7333,-149.15,79.44800000000004,73,49,4.87,scattered clouds
95,Cape Town,ZA,2022-06-21 04:37:10,-33.9258,18.4232,58.91000000000008,80,0,4.02,clear sky
96,Chuy,UY,2022-06-21 04:39:25,-33.6971,-53.4616,47.46200000000006,85,100,2.35,overcast clouds
97,Wadi Maliz,TN,2022-06-21 04:39:26,36.4681,8.5495,78.13399999999999,45,0,1.18,clear sky
98,Lagoa,PT,2022-06-21 04:39:26,39.05,-27.9833,63.518000000000086,85,82,8.5,broken clouds
99,Cabo San Lucas,MX,2022-06-21 04:39:26,22.8909,-109.9124,81.69800000000004,77,90,2.24,overcast clouds
100,Takaka,NZ,2022-06-21 04:39:27,-40.85,172.8,49.55,75,31,0.34,scattered clouds
101,Jamestown,US,2022-06-21 04:39:28,42.097,-79.2353,64.70600000000003,81,40,4.12,scattered clouds
102,Faanui,PF,2022-06-21 04:39:29,-16.4833,-151.75,79.7,78,25,5.06,moderate rain
103,Algiers,DZ,2022-06-21 04:39:15,36.7525,3.042,71.42000000000007,64,20,2.06,few clouds
104,Kavieng,PG,2022-06-21 04:39:29,-2.5744,150.7967,84.84800000000003,65,54,2.3,broken clouds
105,Piacabucu,BR,2022-06-21 04:37:53,-10.4056,-36.4344,73.72400000000002,89,70,3.68,broken clouds
106,Mareeba,AU,2022-06-21 04:39:31,-17.0,145.4333,72.44600000000005,76,99,2.95,overcast clouds
107,Longyearbyen,SJ,2022-06-21 04:36:09,78.2186,15.6401,42.63800000000005,70,75,12.86,light rain
108,Srednekolymsk,RU,2022-06-21 04:39:32,67.45,153.6833,54.48200000000001,30,8,2.5,clear sky
109,Avera,US,2022-06-21 04:39:33,33.194,-82.5271,72.91400000000004,41,99,3.13,overcast clouds
110,Klyavlino,RU,2022-06-21 04:39:33,54.2649,52.0267,56.93000000000004,76,28,6.8,scattered clouds
111,Tuktoyaktuk,CA,2022-06-21 04:39:34,69.4541,-133.0374,37.4,75,20,4.63,few clouds
112,Zhigansk,RU,2022-06-21 04:39:34,66.7697,123.3711,58.55,28,0,7.57,clear sky
113,Yellowknife,CA,2022-06-21 04:35:02,62.456,-114.3525,66.72200000000004,39,20,2.06,few clouds
114,Praia Da Vitoria,PT,2022-06-21 04:39:35,38.7333,-27.0667,64.76000000000008,94,75,7.42,broken clouds
115,Vostok,RU,2022-06-21 04:39:36,46.4856,135.8833,60.71000000000008,90,100,1.85,overcast clouds
116,Victoria,HK,2022-06-21 04:39:36,22.2855,114.1577,87.85400000000006,78,100,5.36,overcast clouds
117,Pinega,RU,2022-06-21 04:39:37,64.7001,43.3936,51.26000000000008,68,65,2.99,broken clouds
118,Wajima,JP,2022-06-21 04:39:37,37.4,136.9,83.084,69,75,3.6,broken clouds
119,San Cristobal,VE,2022-06-21 04:39:38,7.7669,-72.225,71.78000000000004,90,98,1.1,overcast clouds
120,Jian,CN,2022-06-21 04:39:38,27.1172,114.9793,75.434,95,100,4.26,overcast clouds
121,Cherskiy,RU,2022-06-21 04:39:39,68.75,161.3,40.55,64,100,5.16,overcast clouds
122,Carnarvon,AU,2022-06-21 04:39:40,-24.8667,113.6333,75.66800000000009,40,0,4.1,clear sky
123,Bethel,US,2022-06-21 04:36:53,41.3712,-73.414,64.70600000000003,78,0,1.54,clear sky
124,Sargatskoye,RU,2022-06-21 04:39:40,55.6101,73.4972,65.82200000000003,90,99,3.48,overcast clouds
125,Bida,NG,2022-06-21 04:39:41,9.0833,6.0167,73.43600000000006,89,91,1.63,overcast clouds
126,Saryagash,KZ,2022-06-21 04:39:42,41.4511,69.1701,75.16400000000004,37,91,0.36,overcast clouds
127,Campoverde,PE,2022-06-21 04:39:42,-8.4753,-74.8058,73.09400000000008,81,91,0.65,overcast clouds
128,Keetmanshoop,NA,2022-06-21 04:39:43,-26.5833,18.1333,41.68399999999999,78,4,2.22,clear sky
129,Saint George,US,2022-06-21 04:38:27,37.1041,-113.5841,82.99400000000009,11,0,2.06,clear sky
130,Phuket,TH,2022-06-21 04:38:13,8.0,98.25,86.09000000000003,74,20,3.09,light rain
131,Waitati,NZ,2022-06-21 04:39:45,-45.75,170.5667,45.806000000000026,64,0,1.2,clear sky
132,Concarneau,FR,2022-06-21 04:39:45,47.875,-3.9225,61.82600000000009,92,55,3.52,broken clouds
133,Conceicao Do Araguaia,BR,2022-06-21 04:39:46,-8.2578,-49.2647,69.47600000000008,56,21,0.25,few clouds
134,Shibetsu,JP,2022-06-21 04:39:46,43.659,145.132,70.50200000000008,60,20,3.09,few clouds
135,Maniitsoq,GL,2022-06-21 04:39:47,65.4167,-52.9,35.096000000000046,91,100,1.61,overcast clouds
136,Nishihara,JP,2022-06-21 04:40:47,26.1842,127.7558,87.458,81,40,8.75,scattered clouds
137,Mehamn,NO,2022-06-21 04:40:48,71.0357,27.8492,53.54600000000005,62,0,9.26,clear sky
138,Lebu,CL,2022-06-21 04:40:48,-37.6167,-73.65,48.16400000000003,88,100,3.48,moderate rain
139,Viedma,AR,2022-06-21 04:40:49,-40.8135,-62.9967,40.280000000000044,61,54,4.5,broken clouds
140,Vao,NC,2022-06-21 04:40:49,-22.6667,167.4833,71.09600000000006,59,7,8.25,clear sky
141,Port Blair,IN,2022-06-21 04:40:50,11.6667,92.75,85.22600000000008,72,99,5.85,overcast clouds
142,Hofn,IS,2022-06-21 04:40:51,64.2539,-15.2082,44.83399999999999,73,100,2.61,overcast clouds
143,Alofi,NU,2022-06-21 04:40:51,-19.0595,-169.9187,80.49199999999999,83,92,2.06,overcast clouds
144,Qaanaaq,GL,2022-06-21 04:40:52,77.484,-69.3632,36.62600000000009,85,95,1.69,overcast clouds
145,Senanga,ZM,2022-06-21 04:40:52,-16.1167,23.2667,52.736000000000075,60,0,3.28,clear sky
146,Alice Springs,AU,2022-06-21 04:40:53,-23.7,133.8833,71.15,32,0,5.66,clear sky
147,Ritchie,ZA,2022-06-21 04:40:54,-29.038,24.6028,51.00800000000001,71,0,5.53,clear sky
148,Riyadh,SA,2022-06-21 04:40:22,24.6877,46.7219,91.54400000000007,7,4,6.64,clear sky
149,Chokurdakh,RU,2022-06-21 04:40:55,70.6333,147.9167,49.964000000000034,28,96,4.03,overcast clouds
150,Malanville,BJ,2022-06-21 04:40:55,11.8685,3.3899,78.87200000000004,75,80,3.21,broken clouds
151,Nkoteng,CM,2022-06-21 04:40:56,4.5167,12.0333,63.932000000000016,99,93,1.02,overcast clouds
152,Hervey Bay,AU,2022-06-21 04:40:56,-25.2986,152.8535,70.01600000000002,69,94,3.13,overcast clouds
153,Alexandria,EG,2022-06-21 04:36:00,31.2156,29.9553,76.1,64,0,4.51,clear sky
154,Marathon,US,2022-06-21 04:40:57,44.9,-89.7668,81.93200000000002,72,0,3.09,clear sky
155,Codrington,AU,2022-06-21 04:40:58,-38.2667,141.9667,57.272000000000034,63,30,4.71,scattered clouds
156,Nemuro,JP,2022-06-21 04:40:58,43.3236,145.575,52.682000000000016,89,16,5.64,few clouds
157,Harnosand,SE,2022-06-21 04:40:59,62.6323,17.9379,53.6,66,93,1.03,overcast clouds
158,Ust-Koksa,RU,2022-06-21 04:40:59,50.2696,85.6108,69.18800000000005,56,93,0.66,overcast clouds
159,Dinghai,CN,2022-06-21 04:41:00,26.2847,119.7936,79.71800000000009,93,100,2.27,overcast clouds
160,Dunedin,NZ,2022-06-21 04:41:01,-45.8742,170.5036,45.806000000000026,64,0,2.11,clear sky
161,Kamenka,RU,2022-06-21 04:41:01,51.3223,42.7678,72.87800000000007,78,4,3.13,clear sky
162,Agadez,NE,2022-06-21 04:41:02,19.75,10.25,84.16400000000004,13,0,3.07,clear sky
163,Saldanha,ZA,2022-06-21 04:41:03,-33.0117,17.9442,55.45400000000005,69,98,5.22,overcast clouds
164,Saskylakh,RU,2022-06-21 04:41:03,71.9167,114.0833,53.45600000000003,66,99,0.95,light rain
165,Makakilo City,US,2022-06-21 04:41:04,21.3469,-158.0858,79.12400000000002,67,100,5.66,overcast clouds
166,Constitucion,CL,2022-06-21 04:41:04,-35.3333,-72.4167,50.41400000000003,77,100,2.76,overcast clouds
167,Thompson,CA,2022-06-21 04:41:05,55.7435,-97.8558,53.76200000000006,94,75,2.06,broken clouds
168,Udachnyy,RU,2022-06-21 04:41:05,66.4167,112.4,70.44800000000004,26,14,3.04,few clouds
169,Tchibanga,GA,2022-06-21 04:41:06,-2.85,11.0333,64.70600000000003,94,89,0.78,overcast clouds
170,Kaitangata,NZ,2022-06-21 04:41:07,-46.2817,169.8464,42.17000000000006,91,0,1.64,clear sky
171,Vila,PT,2022-06-21 04:41:08,42.0304,-8.1588,47.28200000000002,93,68,1.76,broken clouds
172,Pacifica,US,2022-06-21 04:37:09,37.6138,-122.4869,74.82200000000003,82,0,2.57,mist
173,Berezovka,BY,2022-06-21 04:41:09,53.7214,25.4993,55.77800000000006,97,100,5.53,overcast clouds
174,Thunder Bay,CA,2022-06-21 04:39:56,48.4001,-89.3168,60.78200000000002,88,40,3.6,scattered clouds
175,Tieling,CN,2022-06-21 04:41:10,42.2931,123.8414,84.47000000000006,61,97,3.24,overcast clouds
176,Norman Wells,CA,2022-06-21 04:41:11,65.282,-126.8329,57.236000000000075,94,75,1.03,thunderstorm with light rain
177,Kota Kinabalu,MY,2022-06-21 04:41:12,5.9749,116.0724,82.38200000000002,83,20,1.54,thunderstorm
178,La Asuncion,VE,2022-06-21 04:41:13,11.0333,-63.8628,78.53000000000004,89,97,4.12,overcast clouds
179,Sur,OM,2022-06-21 04:41:13,22.5667,59.5289,98.07800000000007,41,8,2.55,clear sky
180,Chicama,PE,2022-06-21 04:41:14,-7.8447,-79.1469,57.74000000000002,87,45,2.71,scattered clouds
181,Moree,AU,2022-06-21 04:42:15,-29.4667,149.85,67.17200000000004,48,3,2.3,clear sky
182,Batagay-Alyta,RU,2022-06-21 04:42:16,67.8006,130.4114,61.08800000000005,33,3,3.11,clear sky
183,Kavaratti,IN,2022-06-21 04:42:17,10.5669,72.642,83.04800000000003,77,100,9.28,overcast clouds
184,Port Lincoln,AU,2022-06-21 04:42:17,-34.7333,135.8667,61.71800000000009,75,86,8.13,overcast clouds
185,Avarua,CK,2022-06-21 04:42:20,-21.2078,-159.775,80.65400000000005,83,20,4.12,few clouds
186,Davila,PH,2022-06-21 04:42:20,18.4726,120.5763,89.58200000000002,70,83,3.38,broken clouds
187,Ishinomaki,JP,2022-06-21 04:42:21,38.4167,141.3,71.6,76,100,4.58,overcast clouds
188,Ayagoz,KZ,2022-06-21 04:42:22,47.9714,80.4392,88.30400000000006,20,20,7.33,few clouds
189,Turukhansk,RU,2022-06-21 04:42:23,65.8167,87.9833,82.00400000000005,39,39,5.47,scattered clouds
190,Esperanca,BR,2022-06-21 04:42:24,-7.0331,-35.8572,66.57800000000006,97,30,3.78,scattered clouds
191,Rajanpur,PK,2022-06-21 04:42:25,29.1035,70.325,84.68600000000006,50,66,6.96,broken clouds
192,Port-Gentil,GA,2022-06-21 04:42:26,-0.7193,8.7815,72.93200000000002,84,57,6.9,broken clouds
193,Urumqi,CN,2022-06-21 04:38:02,43.801,87.6005,86.95400000000006,19,0,2.0,clear sky
194,Sant Pere De Ribes,ES,2022-06-21 04:42:27,41.2667,1.7667,76.49600000000005,49,53,0.67,broken clouds
195,Atuona,PF,2022-06-21 04:42:28,-9.8,-139.0333,77.91800000000009,79,17,9.51,few clouds
196,Samarai,PG,2022-06-21 04:42:28,-10.6167,150.6667,80.74400000000009,79,98,3.71,overcast clouds
197,Ikornnes,NO,2022-06-21 04:42:29,62.3873,6.557,58.748000000000026,78,100,1.68,overcast clouds
198,Nosy Varika,MG,2022-06-21 04:42:29,-20.5833,48.5333,67.65800000000002,84,76,1.14,light rain
199,Vardo,NO,2022-06-21 04:42:30,70.3705,31.1107,48.182000000000016,81,75,5.66,broken clouds
200,Los Llanos De Aridane,ES,2022-06-21 04:41:11,28.6585,-17.9182,64.14800000000002,85,100,5.66,overcast clouds
201,Sao Joao Da Barra,BR,2022-06-21 04:42:31,-21.6403,-41.0511,68.73800000000006,89,4,1.89,clear sky
202,Beringovskiy,RU,2022-06-21 04:42:31,63.05,179.3167,46.544000000000075,85,77,7.08,broken clouds
203,Deputatskiy,RU,2022-06-21 04:42:32,69.3,139.9,51.63800000000005,29,96,2.39,overcast clouds
204,Rockport,US,2022-06-21 04:42:32,28.0206,-97.0544,86.05400000000006,89,0,4.63,clear sky
205,Porto Novo,BJ,2022-06-21 04:42:36,6.4965,2.6036,78.62000000000006,91,63,1.76,broken clouds
206,Tasiilaq,GL,2022-06-21 04:39:16,65.6145,-37.6368,39.36200000000006,89,99,2.59,light rain
207,Floro,NO,2022-06-21 04:42:37,61.5996,5.0328,52.97000000000006,100,75,6.69,mist
208,Yankton,US,2022-06-21 04:42:38,42.8711,-97.3973,80.11400000000003,69,75,5.14,broken clouds
209,Narsaq,GL,2022-06-21 04:42:39,60.9167,-46.05,43.016000000000005,96,100,1.49,overcast clouds
210,Leh,IN,2022-06-21 04:42:39,34.1667,77.5833,55.07600000000009,33,83,1.67,broken clouds
211,Chissamba,AO,2022-06-21 04:42:40,-12.1667,17.3333,52.17800000000007,64,25,0.12,scattered clouds
212,Lata,PT,2022-06-21 04:42:41,40.1629,-8.3327,51.51200000000006,97,31,0.9,scattered clouds
213,Paamiut,GL,2022-06-21 04:42:41,61.994,-49.6678,37.09400000000007,91,100,7.26,overcast clouds
214,Ndele,CF,2022-06-21 04:42:42,8.4109,20.6473,67.74800000000002,97,100,1.83,overcast clouds
215,Waipawa,NZ,2022-06-21 04:42:42,-41.4122,175.5153,46.04000000000002,81,97,4.73,overcast clouds
216,Sao Miguel Do Araguaia,BR,2022-06-21 04:42:43,-13.275,-50.1628,68.93600000000006,47,4,1.84,clear sky
217,Leshukonskoye,RU,2022-06-21 04:42:43,64.8989,45.7622,56.354000000000056,61,69,3.32,broken clouds
218,Little Current,CA,2022-06-21 04:42:44,45.9793,-81.9248,57.254000000000055,94,38,3.28,scattered clouds
219,Apt,FR,2022-06-21 04:42:45,43.8833,5.4,68.75600000000003,58,92,3.06,overcast clouds
220,Asau,RO,2022-06-21 04:42:45,46.4333,26.4,63.518000000000086,80,2,2.56,clear sky
221,Ugoofaaru,MV,2022-06-21 04:42:46,5.6667,73.0,83.4260000000001,70,100,6.33,overcast clouds
222,Kitimat,CA,2022-06-21 04:42:46,54.0524,-128.6534,57.57800000000007,23,100,0.45,overcast clouds
223,Krasnoselkup,RU,2022-06-21 04:42:47,65.7,82.4667,81.66200000000006,33,60,5.69,broken clouds
224,Brigantine,US,2022-06-21 04:42:02,39.4101,-74.3646,66.99199999999999,83,100,3.95,overcast clouds
225,Iqaluit,CA,2022-06-21 04:41:18,63.7506,-68.5145,44.33000000000004,75,20,3.6,few clouds
226,Cayenne,GF,2022-06-21 04:43:48,4.9333,-52.3333,76.08200000000002,1,40,1.03,scattered clouds
227,Satipo,PE,2022-06-21 04:43:48,-11.2522,-74.6386,67.71200000000006,86,96,0.91,overcast clouds
228,Clyde River,CA,2022-06-21 04:43:49,70.4692,-68.5914,39.43399999999999,75,100,5.66,overcast clouds
229,Jiangyou,CN,2022-06-21 04:43:49,31.7667,104.7167,88.05200000000008,57,74,2.6,broken clouds
230,Byron Bay,AU,2022-06-21 04:43:50,-28.65,153.6167,70.95200000000008,59,0,2.48,clear sky
231,Kyzyl-Suu,KG,2022-06-21 04:43:51,42.3414,78.0056,64.81400000000004,53,66,2.67,broken clouds
232,Wanning,CN,2022-06-21 04:43:51,18.8003,110.3967,88.808,71,96,6.29,overcast clouds
233,Abaza,RU,2022-06-21 04:43:52,52.655,90.0928,74.642,45,69,2.15,light rain
234,Kaeo,NZ,2022-06-21 04:43:52,-35.1,173.7833,55.32800000000007,81,100,5.84,overcast clouds
235,Antofagasta,CL,2022-06-21 04:43:53,-23.65,-70.4,58.280000000000044,84,23,0.65,few clouds
236,Darnah,LY,2022-06-21 04:43:53,32.767,22.6367,73.23800000000006,69,0,5.33,clear sky
237,Plouzane,FR,2022-06-21 04:43:54,48.3833,-4.6167,57.38000000000004,94,0,4.12,light rain
238,Nyurba,RU,2022-06-21 04:43:55,63.2842,118.3319,65.55200000000008,29,77,3.98,broken clouds
239,Stephenville,US,2022-06-21 04:43:55,32.2207,-98.2023,87.8180000000001,45,40,4.12,scattered clouds
240,Coahuayana,MX,2022-06-21 04:43:56,18.7333,-103.6833,79.79000000000002,83,99,0.13,overcast clouds
241,Provideniya,RU,2022-06-21 04:43:56,64.3833,-173.3,39.36200000000006,100,100,5.0,fog
242,Micheweni,TZ,2022-06-21 04:43:57,-4.9667,39.8333,79.03399999999999,67,31,6.36,light rain
243,Ponta Do Sol,PT,2022-06-21 04:42:35,32.6667,-17.1,66.70400000000006,67,52,2.81,broken clouds
244,Nabire,ID,2022-06-21 04:43:58,-3.3667,135.4833,84.39800000000002,68,74,2.45,broken clouds
245,Belmonte,BR,2022-06-21 04:43:58,-15.8631,-38.8828,70.37600000000009,88,22,2.87,few clouds
246,Tuatapere,NZ,2022-06-21 04:43:59,-46.1333,167.6833,42.74600000000005,79,0,0.83,clear sky
247,Lompoc,US,2022-06-21 04:44:00,34.6391,-120.4579,68.558,79,0,2.06,clear sky
248,Da Nang,VN,2022-06-21 04:41:54,16.0678,108.2208,98.58200000000002,44,20,5.14,few clouds
249,Karratha,AU,2022-06-21 04:44:00,-20.7377,116.8463,82.292,29,1,7.08,clear sky
250,Bonavista,CA,2022-06-21 04:44:01,48.6499,-53.1147,51.440000000000026,100,100,4.8,light rain
251,Harper,LR,2022-06-21 04:44:01,4.375,-7.7169,73.59800000000003,94,100,0.77,moderate rain
252,Astana,KZ,2022-06-21 04:44:02,51.1801,71.446,78.74600000000005,44,20,4.0,few clouds
253,Oyama,JP,2022-06-21 04:44:02,36.3,139.8,88.592,44,100,3.77,overcast clouds
254,Ponta Delgada,PT,2022-06-21 04:44:03,37.7333,-25.6667,65.49800000000002,88,40,7.2,scattered clouds
255,Tongren,CN,2022-06-21 04:44:04,27.7172,109.1853,87.0260000000001,73,96,1.55,overcast clouds
256,Urengoy,RU,2022-06-21 04:44:04,65.9667,78.3667,81.24800000000002,33,50,6.42,scattered clouds
257,East London,ZA,2022-06-21 04:40:15,-33.0153,27.9116,59.93600000000007,82,0,2.57,clear sky
258,Grand Forks,US,2022-06-21 04:44:06,47.9417,-97.4337,69.53000000000004,94,75,3.09,broken clouds
259,Namatanai,PG,2022-06-21 04:44:06,-3.6667,152.4333,83.67800000000007,70,39,2.54,light rain
260,San Juan,AR,2022-06-21 04:44:07,-31.5375,-68.5364,46.70600000000003,35,5,2.31,clear sky
261,Kindu,CD,2022-06-21 04:44:08,-2.95,25.95,68.61200000000005,97,90,0.56,overcast clouds
262,Inuvik,CA,2022-06-21 04:44:08,68.3499,-133.7218,59.75600000000003,41,20,4.12,few clouds
263,Tsagan Aman,RU,2022-06-21 04:44:09,47.5639,46.7218,84.45200000000008,31,0,1.91,clear sky
264,Ouesso,CG,2022-06-21 04:44:09,1.6136,16.0517,68.28800000000004,98,100,0.21,overcast clouds
265,The Valley,AI,2022-06-21 04:40:58,18.217,-63.0578,81.10400000000006,72,0,5.21,clear sky
266,Okara,PK,2022-06-21 04:44:10,30.8081,73.4458,86.52200000000005,46,57,4.08,broken clouds
267,Indramayu,ID,2022-06-21 04:44:11,-6.3264,108.32,83.26400000000004,69,99,3.69,overcast clouds
268,Balabac,PH,2022-06-21 04:44:12,7.9868,117.0645,85.96400000000003,64,83,1.09,broken clouds
269,Ribnitz-Damgarten,DE,2022-06-21 04:44:13,54.25,12.4667,59.05400000000006,100,10,7.69,clear sky
270,Vila Franca Do Campo,PT,2022-06-21 04:44:13,37.7167,-25.4333,65.19200000000001,91,82,3.6,light rain
271,Marawi,PH,2022-06-21 04:44:14,7.9986,124.2928,75.05600000000004,86,100,0.97,overcast clouds
272,Diffa,NE,2022-06-21 04:44:15,13.3154,12.6113,83.80400000000006,47,94,4.73,overcast clouds
273,San Patricio,US,2022-06-21 04:45:16,28.017,-97.5169,85.892,77,100,4.43,overcast clouds
274,Bubaque,GW,2022-06-21 04:45:16,11.2833,-15.8333,79.82600000000009,77,99,2.2,light rain
275,Grand Gaube,MU,2022-06-21 04:45:17,-20.0064,57.6608,71.38399999999999,60,17,1.34,few clouds
276,Veshenskaya,RU,2022-06-21 04:45:18,49.6303,41.7334,75.45200000000008,53,0,3.15,clear sky
277,Dangriga,BZ,2022-06-21 04:45:18,16.9692,-88.2321,80.72600000000008,84,100,7.73,overcast clouds
278,Soyo,AO,2022-06-21 04:45:19,-6.1349,12.3689,70.43000000000004,84,53,4.02,broken clouds
279,Saint-Augustin,CA,2022-06-21 04:45:20,51.226,-58.6502,46.99400000000007,87,100,5.15,overcast clouds
280,Dalhousie,IN,2022-06-21 04:45:21,32.5333,75.9833,66.66800000000009,43,100,0.58,light rain
281,Oil City,US,2022-06-21 04:45:21,41.4339,-79.7064,62.00600000000003,89,100,3.09,overcast clouds
282,Maragogi,BR,2022-06-21 04:45:22,-9.0122,-35.2225,75.36200000000005,83,23,3.54,few clouds
283,Mayna,RU,2022-06-21 04:45:23,54.1135,47.6231,58.92800000000007,65,66,4.24,broken clouds
284,Barabai,ID,2022-06-21 04:45:23,-2.5833,115.3833,87.72800000000007,60,86,1.73,overcast clouds
285,Port Hardy,CA,2022-06-21 04:44:11,50.6996,-127.4199,57.38000000000004,88,75,0.0,broken clouds
286,Bria,CF,2022-06-21 04:45:24,6.5423,21.9863,66.07400000000001,96,98,1.36,overcast clouds
287,Talara,PE,2022-06-21 04:45:25,-4.5772,-81.2719,64.36400000000003,83,81,7.37,broken clouds
288,Chioggia,IT,2022-06-21 04:45:25,45.2256,12.2889,74.084,82,0,3.48,clear sky
289,Golden,US,2022-06-21 04:43:26,39.7555,-105.2211,71.36600000000001,17,0,2.68,clear sky
290,Te Anau,NZ,2022-06-21 04:45:26,-45.4167,167.7167,37.346000000000046,93,2,0.79,clear sky
291,Semypolky,UA,2022-06-21 04:45:27,50.7167,30.9333,73.94000000000003,55,0,4.98,clear sky
292,Mitzic,GA,2022-06-21 04:45:28,0.7821,11.549,65.2100000000001,98,47,0.49,scattered clouds
293,Ketchikan,US,2022-06-21 04:45:28,55.3422,-131.6461,55.86800000000009,76,100,3.09,overcast clouds
294,Altamirano,MX,2022-06-21 04:45:16,16.8833,-92.15,58.15400000000005,100,100,0.4,overcast clouds
295,Guerrero Negro,MX,2022-06-21 04:45:29,27.9769,-114.0611,66.59600000000006,74,4,4.49,clear sky
296,Black River,JM,2022-06-21 04:45:30,18.0264,-77.8487,76.15400000000005,81,99,1.9,overcast clouds
297,Moindou,NC,2022-06-21 04:45:30,-21.6924,165.677,71.24000000000002,63,46,5.55,scattered clouds
298,Planaltina,BR,2022-06-21 04:45:31,-15.4528,-47.6142,59.93600000000007,71,0,2.08,clear sky
299,Lucelia,BR,2022-06-21 04:45:31,-21.7203,-51.0189,64.68800000000005,82,0,3.45,clear sky
300,Ingham,US,2022-06-21 04:45:32,42.6,-84.3833,73.25600000000003,70,0,1.54,clear sky
301,Alenquer,BR,2022-06-21 04:45:32,-1.9417,-54.7383,71.816,95,72,1.23,broken clouds
302,San Carlos De Bariloche,AR,2022-06-21 04:45:16,-41.1456,-71.3082,36.248000000000026,64,0,5.14,clear sky
303,Meadow Lake,US,2022-06-21 04:45:33,34.8014,-106.5436,75.16400000000004,48,99,1.45,overcast clouds
304,Santa Rosa,PH,2022-06-21 04:45:34,14.3122,121.1114,90.10400000000006,67,46,4.44,scattered clouds
305,Fukue,JP,2022-06-21 04:45:35,32.6881,128.8419,75.56000000000009,100,75,4.12,mist
306,Saint-Georges,GD,2022-06-21 04:41:00,12.0564,-61.7485,74.87600000000009,94,40,7.72,scattered clouds
307,Komsomolskiy,UZ,2022-06-21 04:45:36,40.4272,71.7189,72.32000000000006,56,100,2.06,light rain
308,Lasa,IT,2022-06-21 04:45:36,46.6166,10.7002,61.682000000000016,78,33,1.3,scattered clouds
309,Chiredzi,ZW,2022-06-21 04:45:37,-21.05,31.6667,59.82800000000007,83,85,2.46,overcast clouds
310,Chilca,PE,2022-06-21 04:45:38,-12.5211,-76.7372,60.89000000000002,83,86,3.27,overcast clouds
311,Ranikhet,IN,2022-06-21 04:45:38,29.65,79.4167,79.57400000000001,32,2,1.5,clear sky
312,Shaoyang,CN,2022-06-21 04:45:39,27.2315,111.4525,84.05600000000004,76,98,2.4,overcast clouds
313,Shache,CN,2022-06-21 04:45:39,38.4167,77.2406,77.75600000000003,28,100,3.46,overcast clouds
314,Dunmore Town,BS,2022-06-21 04:45:40,25.5,-76.65,80.90600000000003,75,30,6.38,scattered clouds
315,San Agustin Acasaguastlan,GT,2022-06-21 04:45:41,14.95,-89.9667,74.82200000000003,96,100,0.66,overcast clouds
316,Khargone,IN,2022-06-21 04:45:41,21.8167,75.6,90.03200000000001,52,35,5.51,scattered clouds
317,San-Pedro,CI,2022-06-21 04:45:42,4.7485,-6.6363,73.90400000000005,93,100,1.21,moderate rain
318,Oranjestad,AW,2022-06-21 04:43:25,12.524,-70.027,80.54600000000005,78,20,8.23,few clouds
319,Mandalgovi,MN,2022-06-21 04:46:43,45.7625,106.2708,79.934,16,96,4.08,overcast clouds
320,Rognan,NO,2022-06-21 04:46:44,67.0953,15.3878,53.76200000000006,77,100,3.2,overcast clouds
321,Dawei,MM,2022-06-21 04:46:45,14.0833,98.2,87.00800000000001,66,98,3.03,overcast clouds
322,Kirakira,SB,2022-06-21 04:46:45,-10.4544,161.9205,81.46400000000003,80,76,1.46,broken clouds
323,Requena,ES,2022-06-21 04:44:59,39.4883,-1.1004,66.52400000000002,68,16,2.47,few clouds
324,Guamuchil,MX,2022-06-21 04:46:46,25.4667,-108.1,78.74600000000005,72,79,0.55,broken clouds
325,Itaituba,BR,2022-06-21 04:46:46,-4.2761,-55.9836,72.05000000000001,91,95,0.12,overcast clouds
326,Peniche,PT,2022-06-21 04:46:47,39.3558,-9.3811,59.55800000000001,91,52,2.86,broken clouds
327,Shellbrook,CA,2022-06-21 04:46:47,53.2168,-106.4011,58.22600000000009,91,100,2.02,overcast clouds
328,Nova Olinda Do Norte,BR,2022-06-21 04:46:48,-3.8881,-59.0942,72.95,96,53,0.5,broken clouds
329,Yar-Sale,RU,2022-06-21 04:46:48,66.8333,70.8333,61.7,89,100,5.98,light rain
330,Calvia,ES,2022-06-21 04:46:49,39.5657,2.5062,76.08200000000002,84,64,2.76,broken clouds
331,Chapais,CA,2022-06-21 04:46:50,49.7834,-74.8492,62.38399999999999,51,100,2.91,overcast clouds
332,Cumbitara,CO,2022-06-21 04:46:51,1.6517,-77.5823,56.73200000000001,95,95,0.61,light rain
333,Husavik,IS,2022-06-21 04:45:01,66.0449,-17.3389,47.24600000000005,73,37,2.7,scattered clouds
334,Goderich,CA,2022-06-21 04:44:08,43.7501,-81.7165,62.906000000000034,92,42,5.44,scattered clouds
335,Vicuna,CL,2022-06-21 04:46:52,-30.0319,-70.7081,44.33000000000004,83,71,0.2,broken clouds
336,Chapleau,CA,2022-06-21 04:46:53,47.8405,-83.4034,65.66000000000008,98,34,4.65,scattered clouds
337,Barabinsk,RU,2022-06-21 04:46:53,55.3571,78.357,72.93200000000002,66,30,5.17,scattered clouds
338,Manyana,BW,2022-06-21 04:46:54,-23.4,21.7167,50.93600000000007,72,91,1.53,light rain
339,Novikovo,RU,2022-06-21 04:46:54,51.1537,37.8879,69.54800000000003,66,0,4.46,clear sky
340,Gravdal,NO,2022-06-21 04:46:55,68.1214,13.5031,49.891999999999996,100,75,8.23,moderate rain
341,Okmulgee,US,2022-06-21 04:46:55,35.6234,-95.9605,80.09600000000006,88,0,0.0,clear sky
342,Olavarria,AR,2022-06-21 04:46:56,-36.8927,-60.3225,44.024000000000015,78,100,2.79,overcast clouds
343,La Orilla,MX,2022-06-21 04:46:56,17.9833,-102.2333,78.78200000000001,86,87,0.45,overcast clouds
344,Kalianget,ID,2022-06-21 04:46:57,-7.05,113.9333,83.62400000000002,65,69,3.97,broken clouds
345,Hastings,GB,2022-06-21 04:46:57,50.8552,0.5729,54.320000000000064,99,71,3.48,broken clouds
346,Seoul,KR,2022-06-21 04:46:58,37.5683,126.9778,94.38800000000005,57,0,3.09,clear sky
347,Mayo,US,2022-06-21 04:46:58,38.8876,-76.5119,68.57600000000009,76,0,0.89,clear sky
348,Moroni,KM,2022-06-21 04:46:27,-11.7022,43.2551,78.80000000000001,61,40,2.06,scattered clouds
349,Turochak,RU,2022-06-21 04:46:59,52.2576,87.1224,75.79400000000007,50,88,0.44,overcast clouds
350,Anuradhapura,LK,2022-06-21 04:47:00,8.3565,80.4173,87.15200000000007,60,100,6.85,overcast clouds
351,Sapele,NG,2022-06-21 04:47:00,5.8941,5.6767,73.11200000000005,96,100,1.07,overcast clouds
352,Gamba,GA,2022-06-21 04:47:01,-2.65,10.0,70.25,88,63,3.8,broken clouds
353,Huarmey,PE,2022-06-21 04:47:01,-10.0681,-78.1522,62.38399999999999,83,33,5.29,scattered clouds
354,Nanortalik,GL,2022-06-21 04:47:02,60.1432,-45.2371,37.202000000000076,97,100,6.05,light rain
355,Ambulu,ID,2022-06-21 04:47:03,-8.345,113.6058,85.87400000000002,60,30,3.58,scattered clouds
356,Stokmarknes,NO,2022-06-21 04:47:03,68.5646,14.9108,51.78200000000002,82,75,7.2,light rain
357,Yumen,CN,2022-06-21 04:47:04,40.2833,97.2,78.20600000000003,22,100,3.52,overcast clouds
358,Yulara,AU,2022-06-21 04:47:05,-25.2406,130.9889,70.53800000000004,35,0,5.09,clear sky
359,Sao Filipe,CV,2022-06-21 04:47:06,14.8961,-24.4956,73.77800000000008,94,44,1.68,light rain
360,Hit,IQ,2022-06-21 04:47:06,33.6416,42.8251,91.02200000000005,27,0,9.76,clear sky
361,Faya,SA,2022-06-21 04:48:07,18.3851,42.4509,70.32200000000003,17,26,1.58,scattered clouds
362,Lachi,PK,2022-06-21 04:48:08,33.3833,71.3386,73.36400000000003,63,100,5.98,overcast clouds
363,Atambua,ID,2022-06-21 04:48:08,-9.1061,124.8925,82.79600000000005,55,91,0.96,overcast clouds
364,Najran,SA,2022-06-21 04:48:09,17.4924,44.1277,83.04800000000003,13,98,1.47,overcast clouds
365,Rauma,FI,2022-06-21 04:48:10,61.1272,21.5113,57.236000000000075,67,46,1.37,scattered clouds
366,Valparaiso,CL,2022-06-21 04:48:11,-33.0393,-71.6273,54.48200000000001,86,75,2.06,broken clouds
367,Teeli,RU,2022-06-21 04:48:11,51.0333,90.2333,72.1760000000001,38,61,2.65,broken clouds
368,Santa Fe,AR,2022-06-21 04:48:12,-31.6333,-60.7,53.00600000000003,79,2,1.34,light rain
369,Ippy,CF,2022-06-21 04:48:13,6.2679,21.2247,67.4600000000001,98,100,1.38,light rain
370,Seydi,TM,2022-06-21 04:48:13,39.4816,62.9137,83.89400000000008,23,2,4.54,clear sky
371,Namibe,AO,2022-06-21 04:48:14,-15.1961,12.1522,58.208000000000006,71,0,1.33,clear sky
372,Manzanillo,CU,2022-06-21 04:48:16,20.3433,-77.1167,75.45200000000008,89,99,4.67,overcast clouds
373,Berdigestyakh,RU,2022-06-21 04:48:17,62.0989,126.6992,66.68600000000006,61,100,3.31,overcast clouds
374,Basoko,CD,2022-06-21 04:48:17,1.2391,23.616,69.69200000000001,94,95,0.55,overcast clouds
375,Matay,EG,2022-06-21 04:48:18,28.419,30.7792,77.27000000000007,45,0,5.38,clear sky
376,Itupiranga,BR,2022-06-21 04:48:19,-5.1347,-49.3267,71.924,84,2,0.78,clear sky
377,Aswan,EG,2022-06-21 04:43:51,24.0934,32.907,79.89800000000002,27,0,3.09,clear sky
378,Sooke,CA,2022-06-21 04:46:18,48.3746,-123.7276,60.22400000000002,87,88,12.35,overcast clouds
379,Acapulco,MX,2022-06-21 04:47:29,16.8634,-99.8901,78.62000000000006,89,99,2.26,overcast clouds
380,Maues,BR,2022-06-21 04:48:20,-3.3836,-57.7186,72.48200000000003,95,56,0.92,broken clouds
381,Hays,US,2022-06-21 04:48:21,30.0502,-98.0336,87.72800000000007,57,81,2.24,broken clouds
382,Varhaug,NO,2022-06-21 04:48:22,58.6147,5.6457,53.150000000000006,78,100,3.01,overcast clouds
383,Ginda,IN,2022-06-21 04:48:22,30.6945,78.4932,78.40400000000005,31,20,2.85,few clouds
384,Kongolo,CD,2022-06-21 04:48:23,-5.3833,27.0,70.53800000000004,71,77,0.98,broken clouds
385,Toora-Khem,RU,2022-06-21 04:48:24,52.4675,96.11,76.40600000000003,36,96,0.53,overcast clouds
386,Dwarka,IN,2022-06-21 04:48:25,22.2394,68.9678,86.108,72,31,9.4,scattered clouds
387,Severo-Kurilsk,RU,2022-06-21 04:48:26,50.6789,156.125,48.32600000000009,90,86,5.45,overcast clouds
388,Brokopondo,SR,2022-06-21 04:48:26,4.75,-55.1667,75.63200000000002,90,100,2.06,overcast clouds
389,Muros,ES,2022-06-21 04:48:27,42.7762,-9.0603,59.09000000000002,89,82,5.27,broken clouds
390,Leningradskiy,RU,2022-06-21 04:48:28,69.3833,178.4167,38.87600000000009,93,100,5.77,light rain
391,Yendi,GH,2022-06-21 04:48:28,9.4427,-0.0099,73.59800000000003,96,87,1.99,overcast clouds
392,Slave Lake,CA,2022-06-21 04:45:06,55.2834,-114.769,62.58200000000002,67,0,0.0,clear sky
393,Vanimo,PG,2022-06-21 04:48:29,-2.6741,141.3028,83.46200000000006,74,75,3.06,broken clouds
394,Tyup,KG,2022-06-21 04:48:29,42.7276,78.3648,69.94400000000007,42,21,0.63,few clouds
395,Mongo,TD,2022-06-21 04:48:30,12.1844,18.693,79.89800000000002,59,51,1.76,light rain
396,Zhireken,RU,2022-06-21 04:48:31,52.8249,117.3076,63.68000000000004,58,98,4.73,overcast clouds
397,Beloha,MG,2022-06-21 04:48:31,-25.1667,45.05,66.21800000000009,60,47,3.43,scattered clouds
398,Artyom,AZ,2022-06-21 04:48:32,40.4723,50.333,82.54400000000007,48,0,3.3,clear sky
399,Bennington,US,2022-06-21 04:48:33,42.8781,-73.1968,59.0,79,0,0.0,clear sky
400,Sola,VU,2022-06-21 04:48:33,-13.8833,167.55,79.05200000000008,78,86,4.85,overcast clouds
401,Aykhal,RU,2022-06-21 04:48:34,66.0,111.5,66.23600000000008,27,10,3.71,clear sky
402,Elko,US,2022-06-21 04:48:35,41.0002,-115.5012,59.648000000000025,30,98,5.36,overcast clouds
403,Broken Hill,AU,2022-06-21 04:48:35,-31.95,141.4333,59.05400000000006,44,49,4.23,scattered clouds
404,Marystown,CA,2022-06-21 04:48:36,47.1666,-55.1483,52.86200000000006,100,100,2.74,overcast clouds
405,Carutapera,BR,2022-06-21 04:48:36,-1.195,-46.02,73.11200000000005,93,21,1.32,few clouds
406,Salalah,OM,2022-06-21 04:48:37,17.0151,54.0924,84.29000000000002,89,75,5.14,broken clouds
407,Salekhard,RU,2022-06-21 04:49:34,66.53,66.6019,56.06600000000001,92,100,6.75,moderate rain
408,Villa Carlos Paz,AR,2022-06-21 04:46:45,-31.4241,-64.4978,44.38399999999999,10,46,0.89,scattered clouds
409,Ewa Beach,US,2022-06-21 04:49:38,21.3156,-158.0072,80.54600000000005,68,100,5.66,overcast clouds
410,Nusaybin,TR,2022-06-21 04:49:39,37.0778,41.2178,82.65200000000007,44,0,4.18,clear sky
411,Mogadishu,SO,2022-06-21 04:46:49,2.0371,45.3438,80.47400000000002,78,75,9.26,broken clouds
412,Katsina,NG,2022-06-21 04:49:40,12.9894,7.6006,78.9260000000001,61,16,4.53,few clouds
413,Alyangula,AU,2022-06-21 04:49:40,-13.8483,136.4192,80.042,58,83,6.06,broken clouds
414,Kyren,RU,2022-06-21 04:49:40,51.6828,102.1408,72.05000000000001,52,64,2.06,broken clouds
415,Gornopravdinsk,RU,2022-06-21 04:49:41,60.05,69.9,70.53800000000004,73,99,4.24,overcast clouds
416,Rio Cuarto,AR,2022-06-21 04:49:42,-33.1307,-64.3499,47.48000000000004,59,91,1.66,overcast clouds
417,Izumo,JP,2022-06-21 04:49:42,35.3667,132.7667,84.092,65,75,5.66,broken clouds
418,Lagos,NG,2022-06-21 04:45:07,6.5833,3.75,79.12400000000002,95,87,1.33,overcast clouds
419,Effium,NG,2022-06-21 04:49:43,6.6292,8.0593,71.09600000000006,96,93,2.39,overcast clouds
420,Baijiantan,CN,2022-06-21 04:49:44,45.6333,85.1833,94.5680000000001,13,1,1.28,clear sky
421,Portland,US,2022-06-21 04:47:11,45.5234,-122.6762,63.41000000000008,75,9,1.59,clear sky
422,Susangerd,IR,2022-06-21 04:49:45,31.5608,48.1831,106.64600000000006,11,0,6.07,clear sky
423,Berlevag,NO,2022-06-21 04:49:45,70.8578,29.0864,53.6,62,100,9.26,overcast clouds
424,Grindavik,IS,2022-06-21 04:49:46,63.8424,-22.4338,44.54600000000005,100,75,3.6,broken clouds
425,Geraldton,AU,2022-06-21 04:49:25,-28.7667,114.6,72.01400000000004,64,3,6.17,clear sky
426,Kokuy,RU,2022-06-21 04:49:47,52.2037,117.5529,68.61200000000005,54,99,5.15,overcast clouds
427,Mecca,SA,2022-06-21 04:47:33,21.4267,39.8261,87.08000000000004,52,52,1.3,broken clouds
428,Victor Harbor,AU,2022-06-21 04:49:48,-35.5667,138.6167,60.00800000000001,76,74,0.45,broken clouds
429,Shakhtinsk,KZ,2022-06-21 04:49:48,49.71,72.5872,77.77400000000002,47,34,6.38,scattered clouds
430,Along,IN,2022-06-21 04:49:49,28.1667,94.7667,80.67200000000004,86,95,0.93,overcast clouds
431,Rupert,US,2022-06-21 04:49:50,42.6191,-113.6772,55.346000000000046,50,0,2.06,clear sky
432,Damietta,EG,2022-06-21 04:49:50,31.4165,31.8133,75.092,67,0,3.79,clear sky
433,Kalabo,ZM,2022-06-21 04:49:51,-14.97,22.6814,51.09800000000003,62,0,3.02,clear sky
434,Severo-Yeniseyskiy,RU,2022-06-21 04:49:51,60.3725,93.0408,73.49000000000002,34,2,2.78,clear sky
435,Fortuna,US,2022-06-21 04:49:52,40.5982,-124.1573,57.650000000000006,85,0,0.0,clear sky
436,Labuhan,ID,2022-06-21 04:49:53,-6.8844,112.2051,85.69400000000007,64,91,1.41,overcast clouds
437,Xining,CN,2022-06-21 04:47:29,36.6167,101.7667,66.66800000000009,68,100,2.71,overcast clouds
438,Bud,US,2022-06-21 04:49:53,39.447,-86.1758,69.8180000000001,79,76,2.67,broken clouds
439,Yakeshi,CN,2022-06-21 04:49:54,49.2833,120.7333,78.54800000000003,32,2,10.56,clear sky
440,Teahupoo,PF,2022-06-21 04:49:55,-17.8333,-149.2667,75.16400000000004,73,58,4.98,broken clouds
441,Bozhou,CN,2022-06-21 04:49:55,33.8772,115.7703,100.02200000000003,24,100,6.01,overcast clouds
442,Boyolangu,ID,2022-06-21 04:49:56,-8.1181,111.8935,83.174,66,67,4.69,broken clouds
443,Klaksvik,FO,2022-06-21 04:49:56,62.2266,-6.589,45.518000000000086,79,93,5.83,overcast clouds
444,Huanren,CN,2022-06-21 04:49:57,41.2647,125.3667,73.09400000000008,91,100,1.85,overcast clouds
445,Tanout,NE,2022-06-21 04:49:57,14.9709,8.8879,84.63200000000002,13,15,3.84,few clouds
446,Comodoro Rivadavia,AR,2022-06-21 04:49:10,-45.8667,-67.5,35.45600000000003,64,75,5.66,broken clouds
447,Buarcos,PT,2022-06-21 04:49:58,40.166,-8.8768,55.742,85,90,1.12,overcast clouds
448,Thinadhoo,MV,2022-06-21 04:49:59,0.5333,72.9333,83.87600000000009,68,27,5.44,scattered clouds
449,Inverell,AU,2022-06-21 04:49:59,-29.7833,151.1167,64.11200000000005,53,9,2.24,clear sky
450,Sioux Lookout,CA,2022-06-21 04:46:16,50.1001,-91.917,69.87200000000004,88,100,2.57,light intensity shower rain
451,Chacabuco,AR,2022-06-21 04:49:06,-34.6417,-60.4739,45.05,68,100,1.34,overcast clouds
452,Lyubim,RU,2022-06-21 04:50:00,58.3625,40.6843,55.79600000000005,79,72,1.75,broken clouds
453,Port Hueneme,US,2022-06-21 04:50:01,34.1478,-119.1951,78.26000000000008,70,0,1.54,clear sky
454,Nuevo Progreso,MX,2022-06-21 04:50:02,23.1667,-97.95,79.53800000000004,74,83,1.28,broken clouds
455,Dekar,BW,2022-06-21 04:50:03,-21.5333,21.9333,59.288000000000046,41,84,2.58,broken clouds
456,Phan Thiet,VN,2022-06-21 04:51:04,10.9333,108.1,91.47200000000004,56,63,5.28,broken clouds
457,Olafsvik,IS,2022-06-21 04:51:05,64.8945,-23.7142,47.31800000000008,76,63,2.67,broken clouds
458,Kyenjojo,UG,2022-06-21 04:51:06,0.6328,30.6214,60.42200000000004,95,27,0.5,scattered clouds
459,Tateyama,JP,2022-06-21 04:51:06,34.9833,139.8667,80.52800000000008,89,100,4.25,moderate rain
460,Mala,PE,2022-06-21 04:51:07,-12.6581,-76.6308,61.62800000000007,81,69,2.49,broken clouds
461,Haines Junction,CA,2022-06-21 04:51:08,60.7522,-137.5108,57.14600000000005,41,69,5.66,broken clouds
462,Soure,BR,2022-06-21 04:51:08,-0.7167,-48.5233,77.93600000000006,80,43,3.76,scattered clouds
463,Severobaykalsk,RU,2022-06-21 04:51:09,55.65,109.3167,53.34800000000003,81,99,0.15,overcast clouds
464,Dalbandin,PK,2022-06-21 04:51:10,28.8947,64.4101,87.99800000000002,10,0,8.13,clear sky
465,Ostrovnoy,RU,2022-06-21 04:48:47,68.0531,39.5131,39.758,92,100,4.23,overcast clouds
466,Awbari,LY,2022-06-21 04:51:11,26.5921,12.7805,82.83200000000002,17,0,3.54,clear sky
467,Nayudupeta,IN,2022-06-21 04:51:12,13.9,79.9,90.48200000000003,45,98,6.36,overcast clouds
468,Yinchuan,CN,2022-06-21 04:51:12,38.4681,106.2731,82.11200000000005,48,96,1.32,overcast clouds
469,Ambon,ID,2022-06-21 04:51:13,-3.6954,128.1814,87.94400000000007,62,40,2.57,scattered clouds
470,Flinders,AU,2022-06-21 04:51:14,-34.5833,150.8552,63.37400000000001,69,95,2.24,light rain
471,Bada,RU,2022-06-21 04:51:15,51.392,109.8717,76.316,32,26,3.88,scattered clouds
472,Solnechnyy,RU,2022-06-21 04:51:16,50.7214,136.6319,68.25200000000008,64,100,3.06,light rain
473,Gouloure,BF,2022-06-21 04:51:16,12.2306,-1.9289,74.93000000000004,73,94,4.76,light rain
474,Boueni,YT,2022-06-21 04:51:17,-12.9025,45.0761,78.78200000000001,66,2,10.15,clear sky
475,Tiznit,MA,2022-06-21 04:51:17,29.5833,-9.5,68.12600000000009,69,0,0.87,clear sky
476,Kaputa,ZM,2022-06-21 04:51:18,-8.4689,29.6619,61.610000000000085,68,15,2.76,few clouds
477,Pisco,PE,2022-06-21 04:51:19,-13.7,-76.2167,58.01000000000008,88,11,2.06,mist
478,Boulder City,US,2022-06-21 04:48:09,35.9786,-114.8325,88.44800000000004,11,0,4.12,clear sky
479,Nibe,DK,2022-06-21 04:51:20,56.9815,9.6392,55.004000000000055,94,42,6.17,scattered clouds
480,Watertown,US,2022-06-21 04:51:21,42.3709,-71.1828,59.108000000000004,73,40,2.57,scattered clouds
481,Saint-Michel-Des-Saints,CA,2022-06-21 04:47:38,46.6834,-73.9159,54.932000000000016,76,89,1.05,overcast clouds
482,Sumbe,AO,2022-06-21 04:51:22,-11.2061,13.8437,65.28200000000001,83,39,2.17,scattered clouds
483,Ust-Nera,RU,2022-06-21 04:51:23,64.5667,143.2,56.641999999999996,68,100,0.7,overcast clouds
484,Umm Kaddadah,SD,2022-06-21 04:51:23,13.6017,26.6876,82.47200000000004,49,46,4.77,scattered clouds
485,Healdsburg,US,2022-06-21 04:51:02,38.6105,-122.8692,74.69600000000005,48,0,2.57,clear sky
486,Hambantota,LK,2022-06-21 04:51:24,6.1241,81.1185,86.342,74,20,6.17,few clouds
487,Pueblo,US,2022-06-21 04:51:25,38.2545,-104.6091,76.83800000000005,30,0,3.09,clear sky
488,Zaysan,KZ,2022-06-21 04:51:26,47.4667,84.8667,88.16000000000008,22,12,2.42,few clouds
489,Lorengau,PG,2022-06-21 04:51:26,-2.0226,147.2712,84.32600000000009,65,66,2.82,broken clouds
490,Bay Roberts,CA,2022-06-21 04:51:27,47.5999,-53.2648,60.062000000000054,96,100,0.89,moderate rain
491,Mount Isa,AU,2022-06-21 04:51:27,-20.7333,139.5,78.566,31,100,5.66,overcast clouds
492,Gobabis,NA,2022-06-21 04:51:28,-22.45,18.9667,42.83600000000007,57,94,1.66,overcast clouds
493,Bandarbeyla,SO,2022-06-21 04:51:29,9.4942,50.8122,84.81200000000007,52,79,15.56,broken clouds
494,Linguere,SN,2022-06-21 04:51:29,15.3953,-15.1193,80.78000000000004,68,100,2.39,light rain
495,Araouane,ML,2022-06-21 04:51:30,18.9048,-3.5265,87.8180000000001,36,79,5.16,broken clouds
496,Lavrentiya,RU,2022-06-21 04:51:31,65.5833,-171.0,41.54000000000002,91,100,5.1,overcast clouds
497,Hamilton,US,2022-06-21 04:49:13,39.1834,-84.5333,68.77400000000002,80,0,0.0,clear sky
498,Nizhnyaya Omka,RU,2022-06-21 04:51:31,55.4338,74.9426,67.83800000000005,80,99,3.68,overcast clouds
499,San Ignacio,BZ,2022-06-21 04:51:32,17.1561,-89.0714,75.34400000000008,100,100,0.0,overcast clouds
500,Lac-Megantic,CA,2022-06-21 04:51:33,45.5834,-70.8823,44.51000000000008,93,45,0.87,scattered clouds
501,Tecklenburg,DE,2022-06-21 04:52:34,52.2167,7.8333,52.34000000000002,93,0,0.51,clear sky
502,Coatzacoalcos,MX,2022-06-21 04:48:35,18.15,-94.4167,77.72000000000006,88,100,3.42,overcast clouds
503,De-Kastri,RU,2022-06-21 04:52:35,51.4667,140.7833,60.74600000000005,71,25,4.04,scattered clouds
504,Tazovskiy,RU,2022-06-21 04:52:35,67.4667,78.7,75.308,40,95,5.29,overcast clouds
505,Kudahuvadhoo,MV,2022-06-21 04:52:36,2.6708,72.8944,83.96600000000001,70,86,5.26,overcast clouds
506,Pulandian,CN,2022-06-21 04:52:36,39.3953,121.9669,85.13600000000008,62,89,3.83,overcast clouds
507,Tual,ID,2022-06-21 04:52:37,-5.6667,132.75,81.608,77,37,6.34,scattered clouds
508,Bloemfontein,ZA,2022-06-21 04:52:37,-29.1211,26.214,44.07800000000007,81,0,2.57,clear sky
509,Bichura,RU,2022-06-21 04:52:38,50.5881,107.6022,76.87400000000002,40,48,1.74,scattered clouds
510,Sabha,LY,2022-06-21 04:52:38,27.0377,14.4283,82.76000000000008,17,0,2.6,clear sky
511,Muravlenko,RU,2022-06-21 04:52:39,63.7898,74.523,78.62000000000006,40,10,9.43,clear sky
512,Cockburn Town,TC,2022-06-21 04:52:39,21.4612,-71.1419,81.15800000000002,79,86,7.32,overcast clouds
513,Manggar,ID,2022-06-21 04:52:40,-2.8833,108.2667,79.16000000000008,85,100,6.71,overcast clouds
514,Vestmanna,FO,2022-06-21 04:52:41,62.1564,-7.1664,43.71800000000009,87,75,4.63,broken clouds
515,Wangjing,IN,2022-06-21 04:52:41,24.6,94.0333,84.18200000000002,63,55,1.66,broken clouds
516,San,ML,2022-06-21 04:52:42,13.3034,-4.8956,79.7,63,45,3.13,light rain
517,Sabang,ID,2022-06-21 04:52:43,5.8933,95.3214,81.35600000000002,77,100,6.93,moderate rain
518,Gizo,SB,2022-06-21 04:52:43,-8.103,156.8419,83.57000000000006,72,31,4.71,scattered clouds
519,Hovd,MN,2022-06-21 04:52:44,48.0056,91.6419,75.86600000000001,17,0,2.74,clear sky
520,Praya,CV,2022-06-21 04:52:45,14.9215,-23.5087,75.65,89,74,3.44,light rain
521,Maine-Soroa,NE,2022-06-21 04:52:45,13.2114,12.0241,84.52400000000002,46,79,4.85,broken clouds
522,Bjorkelangen,NO,2022-06-21 04:52:46,59.8848,11.5694,56.28200000000002,58,47,2.46,scattered clouds
523,Tucuman,AR,2022-06-21 04:51:07,-26.8241,-65.2226,48.2,81,0,4.12,clear sky
524,Tessalit,ML,2022-06-21 04:52:47,20.1986,1.0114,86.25200000000008,25,2,1.21,clear sky
525,Auchel,FR,2022-06-21 04:52:47,50.5034,2.4735,53.00600000000003,96,89,2.11,overcast clouds
526,Zaozerne,UA,2022-06-21 04:52:48,45.1582,33.2787,72.62600000000009,64,93,3.32,overcast clouds
527,Patea,NZ,2022-06-21 04:52:49,-39.7583,174.4833,48.182000000000016,74,53,3.22,broken clouds
528,Tsogni,GA,2022-06-21 04:52:49,-2.7942,10.0988,69.87200000000004,89,67,4.0,broken clouds
529,Kurchum,KZ,2022-06-21 04:52:50,48.5722,83.6542,81.48200000000003,36,68,1.72,broken clouds
530,Natal,BR,2022-06-21 04:52:50,-5.795,-35.2094,75.41600000000001,94,40,2.06,scattered clouds
531,Veraval,IN,2022-06-21 04:52:51,20.9,70.3667,87.27800000000008,71,44,6.65,scattered clouds
532,Manzhouli,CN,2022-06-21 04:52:52,49.6,117.4333,76.44200000000001,36,0,9.82,clear sky
533,Broome,US,2022-06-21 04:52:52,42.2506,-75.833,56.67800000000007,75,54,0.61,broken clouds
534,Bairiki,KI,2022-06-21 04:52:53,1.3292,172.9752,86.0,70,20,3.09,few clouds
535,Ust-Kuyga,RU,2022-06-21 04:52:53,70.0167,135.6,52.070000000000064,36,98,0.7,overcast clouds
536,Praia,CV,2022-06-21 04:51:00,14.9215,-23.5087,75.65,89,74,3.44,light rain
537,Yovon,TJ,2022-06-21 04:52:54,38.3141,69.0378,69.47600000000008,46,82,2.0,broken clouds
538,Magadan,RU,2022-06-21 04:52:55,59.5667,150.8,60.530000000000044,84,100,2.78,overcast clouds
539,Paraiso,CR,2022-06-21 04:52:55,9.8383,-83.8656,65.87600000000009,100,100,0.92,overcast clouds
540,Bonthe,SL,2022-06-21 04:52:56,7.5264,-12.505,76.62200000000004,88,100,2.73,moderate rain
541,Muzhi,RU,2022-06-21 04:52:57,65.3667,64.6667,63.104000000000056,87,96,6.8,light rain
542,Callaway,US,2022-06-21 04:52:57,30.153,-85.5699,77.91800000000009,96,73,0.45,broken clouds
543,Morondava,MG,2022-06-21 04:50:11,-20.2833,44.2833,68.57600000000009,61,0,3.12,clear sky
544,Sulangan,PH,2022-06-21 04:52:58,11.1373,123.7228,82.76000000000008,72,100,1.17,moderate rain
545,Sisimiut,GL,2022-06-21 04:52:58,66.9395,-53.6735,34.016000000000005,93,100,3.34,overcast clouds
546,Parabel,RU,2022-06-21 04:53:59,58.6978,81.4825,76.35200000000009,48,2,3.63,clear sky
547,Noyabrsk,RU,2022-06-21 04:50:25,63.1994,75.4507,78.29600000000005,42,1,9.65,clear sky
548,Llanes,ES,2022-06-21 04:54:00,43.4198,-4.7549,60.116000000000014,78,16,0.99,few clouds
549,Santiago Del Estero,AR,2022-06-21 04:54:01,-27.7951,-64.2615,53.708000000000006,71,0,2.01,clear sky
550,Conselheiro Pena,BR,2022-06-21 04:54:01,-19.1722,-41.4722,64.88600000000008,94,38,1.39,scattered clouds
551,Bugene,TZ,2022-06-21 04:54:02,-1.5911,31.1403,60.33200000000002,76,89,1.07,overcast clouds
552,Bara,NG,2022-06-21 04:54:03,10.3744,10.7288,75.00200000000008,80,66,3.89,broken clouds
553,Pizarro,CO,2022-06-21 04:54:04,4.9533,-77.366,76.38800000000005,89,100,1.57,overcast clouds
554,Shenjiamen,CN,2022-06-21 04:54:04,29.9576,122.298,77.07200000000003,90,72,3.15,broken clouds
555,Kruisfontein,ZA,2022-06-21 04:54:05,-34.0033,24.7314,51.89000000000002,80,36,2.58,scattered clouds
556,Xinan,CN,2022-06-21 04:54:06,26.72,119.8556,74.37200000000004,98,100,1.04,overcast clouds
557,Sandnessjoen,NO,2022-06-21 04:54:07,66.0217,12.6316,52.32200000000004,93,75,10.8,light rain
558,Sitka,US,2022-06-21 04:54:08,57.0531,-135.33,51.69199999999999,82,100,3.09,light rain
559,Almenara,BR,2022-06-21 04:54:08,-16.1836,-40.6944,66.12800000000007,95,77,0.83,broken clouds
560,Sivas,TR,2022-06-21 04:54:09,39.7916,37.0019,66.32600000000009,57,0,0.76,clear sky
561,Saint-Francois,FR,2022-06-21 04:54:10,46.4154,3.9054,66.66800000000009,88,0,1.03,clear sky
562,Luganville,VU,2022-06-21 04:54:10,-15.5333,167.1667,77.16200000000006,85,79,4.45,broken clouds
563,Blythe,US,2022-06-21 04:50:59,33.6103,-114.5964,93.65,6,0,1.54,clear sky
564,Burns Lake,CA,2022-06-21 04:54:11,54.2331,-125.7533,58.424000000000014,69,76,3.31,broken clouds
565,Lac Du Bonnet,CA,2022-06-21 04:54:12,50.2536,-96.0612,66.00200000000008,97,67,2.5,broken clouds
566,Sosnovo-Ozerskoye,RU,2022-06-21 04:54:13,52.5249,111.5418,68.86400000000003,42,45,5.23,scattered clouds
567,Buala,SB,2022-06-21 04:54:14,-8.145,159.5921,82.50800000000001,77,64,2.73,light rain
568,Ambilobe,MG,2022-06-21 04:54:14,-13.2,49.05,70.73600000000008,63,5,1.87,clear sky
569,Nouadhibou,MR,2022-06-21 04:54:15,20.931,-17.0347,71.58200000000002,94,100,2.06,fog
570,Adrar,MR,2022-06-21 04:54:15,20.5022,-10.0711,77.9,66,99,3.06,overcast clouds
571,Mokhsogollokh,RU,2022-06-21 04:54:16,61.4681,128.9203,76.69400000000007,49,100,2.92,overcast clouds
572,Kijang,KR,2022-06-21 04:54:16,35.2442,129.2139,87.53000000000004,82,55,3.45,broken clouds
573,Naantali,FI,2022-06-21 04:54:17,60.4674,22.0243,60.116000000000014,77,0,1.54,clear sky
574,Fort Smith,US,2022-06-21 04:51:58,35.3859,-94.3986,80.63600000000008,77,0,1.54,clear sky
575,Bukama,CD,2022-06-21 04:54:18,-9.2,25.85,63.82400000000001,48,75,1.26,broken clouds
576,Ahipara,NZ,2022-06-21 04:54:19,-35.1667,173.1667,53.54600000000005,75,100,4.75,overcast clouds
577,Machiques,VE,2022-06-21 04:54:19,10.0644,-72.545,74.03000000000004,88,99,1.44,overcast clouds
578,Budingen,DE,2022-06-21 04:54:20,50.3,9.1167,54.71600000000001,77,23,1.4,few clouds
579,Moron,AR,2022-06-21 04:54:21,-34.6534,-58.6198,54.96800000000009,76,100,1.42,overcast clouds
580,Niesky,DE,2022-06-21 04:54:21,51.2924,14.8211,55.31000000000009,93,1,5.96,clear sky
581,Shimanovsk,RU,2022-06-21 04:54:22,52.0,127.7,58.190000000000026,99,100,5.12,light rain
582,Krizevci,HR,2022-06-21 04:54:22,46.0219,16.5425,69.38600000000008,94,41,2.84,scattered clouds
583,Webuye,KE,2022-06-21 04:54:23,0.6075,34.7697,60.89000000000002,84,56,1.66,broken clouds
584,Grand-Santi,GF,2022-06-21 04:54:24,4.25,-54.3833,71.67200000000004,99,100,0.66,overcast clouds
585,Skelleftea,SE,2022-06-21 04:54:24,64.7507,20.9528,57.992,85,0,2.06,clear sky
586,Baker City,US,2022-06-21 04:50:27,44.7749,-117.8344,55.11200000000006,71,0,2.06,clear sky
587,Price,US,2022-06-21 04:54:25,39.5994,-110.8107,59.108000000000004,36,2,3.86,clear sky
588,Pa Sang,TH,2022-06-21 04:54:26,18.5262,98.9394,93.84800000000003,53,78,1.93,broken clouds
589,Taltal,CL,2022-06-21 04:54:26,-25.4,-70.4833,53.07800000000007,81,41,1.08,scattered clouds
590,Antalaha,MG,2022-06-21 04:54:27,-14.9003,50.2788,69.22400000000002,72,11,4.01,few clouds
591,Terekli-Mekteb,RU,2022-06-21 04:54:28,44.1671,45.8698,79.39400000000008,42,0,5.53,clear sky
592,Belaya Gora,RU,2022-06-21 04:54:28,68.5333,146.4167,54.33800000000005,35,31,2.05,scattered clouds
593,Souillac,MU,2022-06-21 04:55:29,-20.5167,57.5167,70.17800000000007,56,20,3.6,few clouds
594,Shelburne,CA,2022-06-21 04:55:30,44.0787,-80.2041,64.85,72,55,3.5,broken clouds
595,Cozumel,MX,2022-06-21 04:55:30,20.5083,-86.9458,78.94400000000007,89,86,6.41,overcast clouds
596,Panshi,CN,2022-06-21 04:55:31,42.9422,126.0561,78.72800000000007,73,100,4.84,overcast clouds
597,Wladyslawowo,PL,2022-06-21 04:55:31,54.7909,18.4009,51.944000000000074,79,99,5.76,light rain
598,Cartagena Del Chaira,CO,2022-06-21 04:55:32,1.3349,-74.8429,68.9,99,71,0.98,broken clouds
599,Itarema,BR,2022-06-21 04:55:32,-2.9248,-39.9167,74.84000000000003,83,79,5.21,broken clouds
600,Villa Rica,US,2022-06-21 04:54:19,33.7321,-84.9191,77.39600000000004,97,79,0.4,broken clouds
601,Polovinnoye,RU,2022-06-21 04:55:33,54.7914,65.9864,59.72000000000006,92,99,5.46,moderate rain
602,Pacific Grove,US,2022-06-21 04:55:34,36.6177,-121.9166,60.54800000000003,84,39,0.45,scattered clouds
603,Mount Gambier,AU,2022-06-21 04:55:34,-37.8333,140.7667,57.524000000000015,64,12,3.65,few clouds
604,Tamiahua,MX,2022-06-21 04:55:35,21.2667,-97.45,77.48600000000008,87,100,2.55,overcast clouds
605,Sawtell,AU,2022-06-21 04:55:35,-30.3833,153.1,70.17800000000007,52,10,3.09,clear sky
606,Nichinan,JP,2022-06-21 04:55:36,31.6,131.3667,78.47600000000008,93,100,4.05,moderate rain
607,Ust-Ilimsk,RU,2022-06-21 04:55:36,58.0006,102.6619,71.25800000000001,38,10,3.59,clear sky
608,Idah,NG,2022-06-21 04:55:37,7.1065,6.7342,73.16600000000001,97,100,1.22,overcast clouds
609,Barcelona,ES,2022-06-21 04:55:37,41.3888,2.159,76.69400000000007,78,20,1.03,few clouds
610,Cairns,AU,2022-06-21 04:53:41,-16.9167,145.7667,78.06200000000007,65,75,8.23,broken clouds
611,Aragarcas,BR,2022-06-21 04:55:38,-15.8975,-52.2508,67.22600000000008,47,2,1.05,clear sky
612,Samaipata,BO,2022-06-21 04:55:39,-18.15,-63.8667,51.242,97,88,2.42,overcast clouds
613,Khani,GE,2022-06-21 04:55:39,41.9563,42.9566,63.96800000000009,63,2,1.44,clear sky
614,Saint Anthony,US,2022-06-21 04:55:40,45.0205,-93.218,87.96200000000006,59,3,2.24,clear sky
615,Ilesha,NG,2022-06-21 04:55:41,7.1371,5.2583,70.68200000000002,100,100,0.77,overcast clouds
616,Nyaunglebin,MM,2022-06-21 04:55:41,17.95,96.7333,84.12800000000007,73,58,2.67,broken clouds
617,Impfondo,CG,2022-06-21 04:55:42,1.6381,18.0667,68.63000000000005,98,93,0.36,overcast clouds
618,Wairoa,NZ,2022-06-21 04:55:43,-39.0333,177.3667,50.55800000000001,82,95,1.79,overcast clouds
619,Anqing,CN,2022-06-21 04:55:43,30.5092,117.0506,85.47800000000007,75,88,4.03,overcast clouds
620,Jiazi,CN,2022-06-21 04:55:44,22.8779,116.067,82.85,82,100,4.18,overcast clouds
621,Chaozhou,CN,2022-06-21 04:55:45,23.6651,116.6379,89.45600000000003,73,100,2.85,moderate rain
622,Palmares Do Sul,BR,2022-06-21 04:55:46,-30.2578,-50.5097,57.45200000000008,79,85,4.44,overcast clouds
623,Hermiston,US,2022-06-21 04:51:00,45.8404,-119.2895,73.41800000000009,53,0,0.0,clear sky
624,Pierre,US,2022-06-21 04:55:47,44.3683,-100.351,63.860000000000085,86,55,3.13,broken clouds
625,Altamira,BR,2022-06-21 04:55:47,-3.2033,-52.2064,69.63800000000005,96,1,0.39,clear sky
626,Panzos,GT,2022-06-21 04:55:48,15.4,-89.6667,73.97600000000008,100,100,0.4,overcast clouds
627,Kargasok,RU,2022-06-21 04:55:48,59.0556,80.8572,76.96400000000003,48,5,4.44,clear sky
628,Aksu,CN,2022-06-21 04:55:49,41.1231,80.2644,81.42800000000007,23,70,0.35,broken clouds
629,San Vicente,AR,2022-06-21 04:55:49,-26.6167,-54.1333,60.044000000000075,94,58,2.19,broken clouds
630,Aksarka,RU,2022-06-21 04:55:50,66.5606,67.7975,57.596000000000046,97,100,5.23,moderate rain
631,Morant Bay,JM,2022-06-21 04:55:51,17.8815,-76.4093,82.02200000000005,82,96,3.46,overcast clouds
632,Nisia Floresta,BR,2022-06-21 04:55:51,-6.0911,-35.2086,75.57800000000006,90,30,2.78,scattered clouds
633,Bata,GQ,2022-06-21 04:55:52,1.8639,9.7658,74.93000000000004,90,73,3.18,light rain
634,Utica,US,2022-06-21 04:55:52,43.1009,-75.2327,55.72400000000002,81,83,0.34,broken clouds
635,Canchungo,GW,2022-06-21 04:55:53,12.0672,-16.0333,77.12600000000009,86,100,1.7,overcast clouds
636,Katherine,AU,2022-06-21 04:55:53,-14.4667,132.2667,86.32400000000001,26,95,6.69,overcast clouds
637,Talnakh,RU,2022-06-21 04:55:54,69.4865,88.3972,78.20600000000003,33,100,6.09,overcast clouds
638,Ruyigi,BI,2022-06-21 04:55:55,-3.45,30.3167,60.98000000000005,69,100,1.32,overcast clouds
639,Laguna De Perlas,NI,2022-06-21 04:55:55,12.3429,-83.6712,76.60400000000006,93,100,5.59,moderate rain
640,Barkhan,PK,2022-06-21 04:55:56,29.8977,69.5256,76.37000000000006,51,2,2.97,clear sky
641,Katobu,ID,2022-06-21 04:56:56,-4.9408,122.5276,76.38800000000005,90,91,3.99,overcast clouds
642,Ilhabela,BR,2022-06-21 04:56:57,-23.7781,-45.3581,65.71400000000003,88,5,1.71,clear sky
643,Guarapari,BR,2022-06-21 04:54:08,-20.6667,-40.4975,65.89400000000008,92,12,1.68,few clouds
644,Imbituba,BR,2022-06-21 04:56:58,-28.24,-48.6703,56.858000000000004,89,57,3.2,broken clouds
645,Svay Rieng,KH,2022-06-21 04:56:58,11.0879,105.7993,93.83000000000004,49,41,4.36,scattered clouds
646,Palmer,US,2022-06-21 04:56:59,42.1584,-72.3287,60.314000000000036,78,97,0.91,overcast clouds
647,Vila Velha,BR,2022-06-21 04:56:59,-20.3297,-40.2925,66.14600000000004,89,100,1.54,overcast clouds
648,Esmeraldas,BR,2022-06-21 04:57:00,-19.7625,-44.3139,63.464000000000034,91,0,1.86,clear sky
649,Dalvik,IS,2022-06-21 04:57:01,65.9702,-18.5286,37.32800000000007,75,48,1.09,scattered clouds
650,Gewane,ET,2022-06-21 04:57:01,10.1664,40.6453,86.43200000000002,38,54,9.97,broken clouds
651,Quatre Cocos,MU,2022-06-21 04:53:48,-20.2078,57.7625,71.09600000000006,53,16,5.16,few clouds
652,Bayir,TR,2022-06-21 04:57:02,37.2687,28.2167,63.12200000000004,74,1,2.95,clear sky
653,Beinamar,TD,2022-06-21 04:57:03,8.6698,15.3813,71.11400000000003,90,100,0.57,light rain
654,Richards Bay,ZA,2022-06-21 04:57:04,-28.783,32.0377,64.74199999999999,72,100,1.13,overcast clouds
655,Hubli,IN,2022-06-21 04:57:04,15.35,75.1667,73.43600000000006,94,40,2.57,light rain
656,Svetlogorsk,BY,2022-06-21 04:57:05,52.6333,29.7333,68.95400000000006,89,100,2.5,overcast clouds
657,Constantine,DZ,2022-06-21 04:57:05,36.365,6.6147,69.20600000000003,42,0,0.51,clear sky
658,Ranong,TH,2022-06-21 04:57:07,9.9658,98.6348,87.72800000000007,67,99,2.88,overcast clouds
659,Eucaliptus,BO,2022-06-21 04:57:07,-17.5833,-67.5167,38.102000000000075,84,52,2.12,broken clouds
660,Cambara,BR,2022-06-21 04:57:08,-23.0464,-50.0736,59.25200000000008,95,0,1.72,clear sky
661,Padang,ID,2022-06-21 04:53:23,-0.9492,100.3543,86.05400000000006,69,63,2.25,broken clouds
662,North Bend,US,2022-06-21 04:55:13,43.4065,-124.2243,58.91000000000008,92,100,11.32,overcast clouds
663,Ola,RU,2022-06-21 04:57:09,59.5833,151.2833,61.141999999999996,85,100,3.56,overcast clouds
664,Dingle,PH,2022-06-21 04:57:10,10.9995,122.6711,81.48200000000003,82,100,2.11,light rain
665,Goba,ET,2022-06-21 04:57:10,7.0167,39.9833,57.56000000000009,65,47,0.47,scattered clouds
666,Kinablangan,PH,2022-06-21 04:57:11,7.6947,126.5503,84.70400000000006,74,72,2.56,broken clouds
667,Sarmizegetusa,RO,2022-06-21 04:57:12,45.5167,22.7833,72.35600000000002,54,5,1.81,clear sky
668,Carballo,ES,2022-06-21 04:57:12,43.213,-8.691,58.01000000000008,93,70,1.85,broken clouds
669,Tecoanapa,MX,2022-06-21 04:57:13,16.5167,-98.75,78.674,87,100,1.13,overcast clouds
670,Camabatela,AO,2022-06-21 04:57:14,-8.1881,15.375,55.346000000000046,88,39,0.76,scattered clouds
671,Swakopmund,NA,2022-06-21 04:55:53,-22.6833,14.5333,53.978000000000065,80,2,1.79,clear sky
672,Celendin,PE,2022-06-21 04:57:15,-6.8703,-78.1517,50.73800000000004,89,92,1.03,overcast clouds
673,Keti Bandar,PK,2022-06-21 04:57:15,24.1447,67.4497,86.57600000000009,75,49,11.39,scattered clouds
674,Storebo,NO,2022-06-21 04:57:16,60.0948,5.2271,53.276000000000096,96,100,0.89,light rain
675,Megion,RU,2022-06-21 04:57:16,61.0296,76.1136,77.01800000000009,47,9,8.19,clear sky
676,Chipinge,ZW,2022-06-21 04:57:17,-20.1883,32.6236,53.52800000000006,81,78,2.16,broken clouds
677,Iquitos,PE,2022-06-21 04:57:18,-3.7481,-73.2472,73.43600000000006,100,40,0.51,scattered clouds
678,Chernyshevskiy,RU,2022-06-21 04:57:19,63.0128,112.4714,66.50600000000003,21,0,3.92,clear sky
679,Acarau,BR,2022-06-21 04:52:27,-2.8856,-40.12,75.34400000000008,82,68,5.27,light rain
680,Pontianak,ID,2022-06-21 04:57:20,-0.0333,109.3333,82.38200000000002,78,40,2.06,scattered clouds
681,Bima,ID,2022-06-21 04:57:21,-8.4667,118.7167,88.98800000000006,49,13,1.69,few clouds
682,Mizan Teferi,ET,2022-06-21 04:57:21,6.9833,35.5833,62.81600000000001,93,93,0.93,overcast clouds
683,Bharatpur,IN,2022-06-21 04:57:22,27.2167,77.4833,93.308,40,28,2.24,scattered clouds
684,Toppenish,US,2022-06-21 04:57:23,46.3774,-120.3087,69.8180000000001,48,8,0.86,clear sky
685,San Cosme Y Damian,PY,2022-06-21 04:57:24,-27.3167,-56.35,66.38000000000005,96,95,2.37,light rain
686,Teya,RU,2022-06-21 04:58:24,60.3778,92.6267,77.39600000000004,34,5,2.63,clear sky
